"","mean","se_mean","sd","2.5%","25%","50%","75%","97.5%","n_eff","Rhat"
"log_a",0.157381440507512,0.00510000598560762,0.244770354679099,-0.251228037546566,-0.0142316343732346,0.124232138944808,0.306949789168068,0.709321452531522,2303.43659736561,1.00283120677735
"b",0.0957026702209481,0.00241627980895846,0.1084961125424,2.15881806956687e-05,0.00615817970032358,0.0519822078114733,0.158511586375876,0.365925521133177,2016.20136937782,1.00343946487809
"log_b",-3.82683469657475,0.069460287613786,2.6571473936009,-10.7433647702239,-5.08997406739187,-2.95685380817591,-1.84192760608272,-1.00532546070085,1463.38344222128,1.0036086424152
"sigma_e",0.989351053807564,0.00166626643614566,0.104957223365132,0.805603227185986,0.91448446459511,0.982778764758132,1.05472773932105,1.21717128605499,3967.67209650954,1.00095580126712
