"","mean","se_mean","sd","2.5%","25%","50%","75%","97.5%","n_eff","Rhat"
"log_a",2.00702387448458,0.00214555137311699,0.116310318265325,1.78566575205691,1.92858672523073,2.0026966007086,2.08324271999922,2.249113817976,2938.72300489351,1.00198446723513
"b",0.143243154467713,0.00337671980484917,0.147324308536822,2.92008202612499e-05,0.0109486561941324,0.0961200175878515,0.238316762402599,0.486943064828537,1903.52582306833,1.00497714657175
"log_b",-3.33260808386236,0.0756644625454071,2.64716236485801,-10.4413137746504,-4.51453863473829,-2.34215768645319,-1.43415455970722,-0.71960808198823,1223.9882716269,1.00879472299305
"sigma_e",0.78124607678955,0.00111548378585354,0.0727222110254723,0.653290057322759,0.729250282870062,0.776542659715229,0.826881307554916,0.939298635277277,4250.18295471625,1.0015152166266
