"","mean","se_mean","sd","2.5%","25%","50%","75%","97.5%","n_eff","Rhat"
"log_a",2.2418538355238,0.00424224235947467,0.166126036510611,1.93902617936447,2.1220775839445,2.23472907805717,2.35708152014982,2.57553392087905,1533.50238233729,1.00683185522047
"b",3.68761013093254,0.0928006956522062,3.03266076547669,0.000342276700367382,0.654165853255516,3.48991421245668,5.90011708721706,9.8843313781942,1067.93593860072,1.01252931450769
"log_b",0.0673313727185442,0.105056686393549,2.80184838512593,-7.97989143052723,-0.42439753048761,1.24987715454367,1.77497219422582,2.29095081115458,711.282075677688,1.01643305526167
"sigma_e",0.833071768048693,0.00141699552235784,0.0780976530034932,0.696309118218651,0.776939654643827,0.826946711875466,0.881894125985076,1.00044911236021,3037.65893004294,1.00353840246142
