"","mean","se_mean","sd","2.5%","25%","50%","75%","97.5%","n_eff","Rhat"
"log_a",3.07874848735805,0.00365362463453812,0.216297529307579,2.64904694587708,2.93462688052526,3.07871634697751,3.2231904943776,3.5047895192658,3504.73562942566,1.00049650892
"b",23.3743941268383,0.0722840217899382,4.16812055074128,15.0509229945335,20.6403007643494,23.4161991267477,26.1185115324805,31.5355415583071,3325.0327408223,1.00029556631011
"log_b",3.13441778023027,0.00364267829703973,0.191341717606706,2.71143931265528,3.02724551241919,3.15342804946034,3.26264431636814,3.45111521310781,2759.16517442828,1.00055963043904
"sigma_e",1.01275391672757,0.00163789333407438,0.106436415493493,0.831835825900202,0.937849795183618,1.00305443590949,1.0775712921545,1.24643559453824,4222.88495072107,1.00149913722143
