"","mean","se_mean","sd","2.5%","25%","50%","75%","97.5%","n_eff","Rhat"
"log_a",2.90704146234844,0.00484191703519172,0.214642217766029,2.46969846669573,2.7675057514021,2.91411590223508,3.05359947332702,3.30613083202548,1965.14955179552,1.00429113485595
"b",7.41646003841838,0.0813477952001997,3.20450192035949,0.15127859616344,5.46798631244285,7.64263534371178,9.60194757050254,13.3091756378086,1551.77767387547,1.00667721837837
"log_b",1.73982974647928,0.0443227453677319,1.20962061131019,-1.88863258922456,1.69891040189447,2.03374248376069,2.26196594809426,2.58845369476984,744.80923160587,1.01060012385793
"sigma_e",0.966421817915334,0.0022982095980852,0.110672657428615,0.78387531295187,0.887060115203118,0.954172883604984,1.03362109733383,1.21204816003543,2319.00352193714,1.00230629920499
