"","mean","se_mean","sd","2.5%","25%","50%","75%","97.5%","n_eff","Rhat"
"log_a",2.07002519353951,0.00227335702054015,0.145151780349864,1.7930530557603,1.97355378000477,2.06770747966822,2.16243511048552,2.37075721623222,4076.70648162469,1.00152100928934
"b",0.485675863918307,0.0131402478604398,0.70219540688884,2.40099790353151e-05,0.010070559938001,0.127887509826683,0.724376882708087,2.50555098730401,2855.6754913151,1.00173327696916
"log_b",-2.82811193824119,0.0758883671816495,3.13729511079724,-10.6370417511813,-4.59813930695986,-2.05660485211294,-0.322443467297288,0.91850866228891,1709.07187804199,1.00369691136447
"sigma_e",0.816606163435056,0.00146899835054531,0.0948117427495249,0.655767779257151,0.748809023749886,0.809557362162511,0.875465296255341,1.02514666302279,4165.63911501908,1.00156107165766
