"","mean","se_mean","sd","2.5%","25%","50%","75%","97.5%","n_eff","Rhat"
"log_a",2.34072349650513,0.00249305431349544,0.148258915550348,2.04609475698838,2.24256291401939,2.34124693946395,2.44079874994647,2.62028993719478,3536.53660824738,1.00092463624232
"b",4.83873571112771,0.0131053076527724,0.773178874665481,3.2727088356566,4.31996265977763,4.85114649256024,5.36834255819052,6.31214871731518,3480.69137859784,1.00051414400848
"log_b",1.56324728054494,0.00288230178972811,0.166394136115979,1.18561802840586,1.46324675855483,1.57921506723064,1.68051921193619,1.8424761443068,3332.70698517705,1.00074509391541
"sigma_e",0.765570570275989,0.00108741274190089,0.0717199280563842,0.63885144247226,0.716105818080986,0.76006241527446,0.811092441684057,0.920883076066643,4350.01600931846,1.0007513408863
