"","mean","se_mean","sd","2.5%","25%","50%","75%","97.5%","n_eff","Rhat"
"log_a",2.20853818161184,0.00282768806729173,0.181413845325557,1.85876680108467,2.085443574425,2.20764371570624,2.32769683120513,2.57229410052728,4116.02363168615,1.0020560086461
"b",0.292393945299211,0.00637729352758075,0.323643763716567,4.42056110963106e-05,0.0152163478523671,0.168670373438943,0.489523774337417,1.08925337408946,2575.50070220724,1.00184027945287
"log_b",-2.78911139908799,0.0707884805345051,2.78345379194161,-10.0266588740904,-4.18538491832015,-1.77980892295936,-0.714322250191196,0.0854924481496368,1546.11876537983,1.00691383661787
"sigma_e",1.10292443365422,0.00184781708119528,0.125095428933526,0.895728604190366,1.01421185712477,1.08970227997622,1.17848683558656,1.37943929725367,4583.15902339142,1.00045291195588
