"","mean","se_mean","sd","2.5%","25%","50%","75%","97.5%","n_eff","Rhat"
"log_a",2.18345609536908,0.00319450408860552,0.140694775953452,1.90919320382991,2.09008700086428,2.18242783235319,2.27710877680409,2.45795286433046,1939.76468249743,1.00650316687057
"b",0.58381987806103,0.0109667654616492,0.35078576512093,0.000911339179837442,0.323607508634115,0.596706575096632,0.839853504511151,1.25528269058509,1023.12055873812,1.00614528427254
"log_b",-1.11575288266569,0.0779526445663249,1.83973586798823,-7.00060144941243,-1.1282239451914,-0.516329786028484,-0.174527802460826,0.227360789503285,556.992367989508,1.01050308068399
"sigma_e",0.926323721867919,0.00153060113023827,0.0855995049241065,0.777209552786236,0.867341785378552,0.919996802919231,0.979575566733586,1.11151720599464,3127.65215371058,1.0005803032584
