"","mean","se_mean","sd","2.5%","25%","50%","75%","97.5%","n_eff","Rhat"
"log_a",2.60462808652458,0.00237339493131366,0.139567362465277,2.3244848174776,2.51356800258288,2.60589427082126,2.69598478489634,2.87528352434712,3458.02175794218,1.00125560762409
"b",0.265313512642655,0.000840828058649211,0.0483732236028884,0.171092136702967,0.232540360656243,0.264671854928318,0.297984587292071,0.358832376254157,3309.75363731226,1.00118131931106
"log_b",-1.3443337957092,0.0033599036755829,0.190489085887943,-1.76555305705048,-1.45869147480024,-1.32926450383666,-1.21071351432698,-1.02489991804829,3214.30098762544,1.0011335852877
"sigma_e",0.739649326148732,0.000987250029898723,0.0674481906631677,0.622636836174731,0.691783190761699,0.734482500319082,0.780731225932074,0.887809336052238,4667.52117421948,1.00035949997609
