"","mean","se_mean","sd","2.5%","25%","50%","75%","97.5%","n_eff","Rhat"
"log_a",2.40907520659346,0.00361616608759514,0.188202803352926,2.04554226097263,2.28138368205181,2.40640864512066,2.53650005505973,2.78046847272871,2708.66588617434,1.00172201390498
"b",0.195297031850743,0.00351175482554978,0.144503243178721,0.000136151875530461,0.0677522922439509,0.187133564051479,0.298666063115691,0.496888076939852,1693.19435920602,1.00477644196875
"log_b",-2.43958852952416,0.0713502072322274,2.08734035936401,-8.90173963048866,-2.69189704966765,-1.67593267615062,-1.20842917549567,-0.699390488450364,855.84686298853,1.01376501136049
"sigma_e",1.31280611387392,0.00190606949221831,0.119595595837303,1.10427810253797,1.23098703741058,1.302718231663,1.38591438352328,1.57167078573901,3936.88667099683,1.00277925443191
