"","mean","se_mean","sd","2.5%","25%","50%","75%","97.5%","n_eff","Rhat"
"log_a",2.40562571738912,0.00306744729437377,0.164329190054285,2.07482714534931,2.29999380336508,2.40813870421626,2.51240882831376,2.72570552247339,2869.95581681304,1.00343118218527
"b",0.0980264073670523,0.00114132447081491,0.0443615920313023,0.00269938900933421,0.06909923437879,0.0999544465371113,0.128767033225611,0.180747384386562,1510.76177962452,1.00776009404643
"log_b",-2.57163144997599,0.0476688315833752,1.11730448520069,-5.91473054058441,-2.6722116282924,-2.30304073193656,-2.04975046225031,-1.71065488948323,549.381549965647,1.02131355167083
"sigma_e",1.12398219841852,0.00172904088159357,0.103464936251737,0.941651283555723,1.05236580424263,1.11612279838459,1.18744902828808,1.3502320572457,3580.76537385443,1.00133131981437
