"","mean","se_mean","sd","2.5%","25%","50%","75%","97.5%","n_eff","Rhat"
"log_a",2.5004752545519,0.00381857326482684,0.178479226987425,2.13055244707605,2.38879346435774,2.50532597338747,2.61420334291742,2.8472656798654,2184.60587593471,1.00279477334625
"b",0.746624045369767,0.00608610083713062,0.268008464189069,0.153133446111086,0.575802259402367,0.752674322578858,0.927304670501687,1.25043215545057,1939.18272113968,1.00340765377697
"log_b",-0.416615556904144,0.0301159564773038,0.740714845211498,-1.87644560244024,-0.551990977399659,-0.284122651576747,-0.0754731046222581,0.223489215212731,604.935088340781,1.01219207045049
"sigma_e",0.852272267817064,0.00129664721053979,0.078486476372763,0.71936382675548,0.79616632601804,0.846326228015298,0.900949489182052,1.02624296304624,3663.92018003915,1.00123370077157
