"","mean","se_mean","sd","2.5%","25%","50%","75%","97.5%","n_eff","Rhat"
"log_a",2.74183122415333,0.00301860585186822,0.180647267025605,2.38120146983417,2.6229909171226,2.74449827258423,2.86208548102138,3.09301530351265,3581.37643713726,1.00114233725394
"b",1.44201574784849,0.00485312106614767,0.289293326535281,0.862123009465991,1.25148543989055,1.44425572240052,1.63650719920298,1.99746495895234,3553.32212463876,1.00146593541582
"log_b",0.344124651836909,0.00382276543455262,0.215633927408906,-0.148357324199571,0.224331197673662,0.367594117255249,0.492564213022113,0.691878855026836,3181.84401267332,1.00175632402006
"sigma_e",1.0118038096407,0.00132066485655781,0.0930088892479822,0.851739102221607,0.945562506373699,1.00414006180367,1.0691623801975,1.21327677630751,4959.79439274568,1.00127334059761
