"","mean","se_mean","sd","2.5%","25%","50%","75%","97.5%","n_eff","Rhat"
"log_a",1.89685940316693,0.00451331604999094,0.19262309040673,1.53981719054039,1.76288428469942,1.88690671267405,2.02183371290541,2.2982864036165,1821.48332397736,1.01074439298732
"b",1.88906773984899,0.0500694281665079,1.97503875156389,0.00010146011575306,0.0977663155313438,1.2707490327995,3.23959696825118,6.42507391180313,1555.98705482727,1.00975241073064
"log_b",-1.01125554152154,0.090848603129739,3.07879148568117,-9.19585066105516,-2.32517549913947,0.239606485364434,1.17544892757183,1.86020809455898,1148.48161029193,1.0125221910307
"sigma_e",0.95707687420744,0.00164567958763938,0.0995955413829068,0.78380302487783,0.886471845527618,0.949146330442107,1.01936098904583,1.17442078023188,3662.59778715149,1.00077958409003
