"","mean","se_mean","sd","2.5%","25%","50%","75%","97.5%","n_eff","Rhat"
"log_a",2.14141724452369,0.00321448883276844,0.183338303551818,1.78164136122827,2.02154428041659,2.14008983419024,2.26251346281031,2.50116039408882,3252.98884653314,1.00122114661121
"b",0.604338862341058,0.00691932325329451,0.261485012173554,0.0248875009924804,0.438964562762187,0.614410841940757,0.779385002585879,1.09530843587565,1428.12545961834,1.00176471713595
"log_b",-0.746775830345787,0.0597644673839926,1.19062242360255,-3.69339022012277,-0.823336592683891,-0.487091468779826,-0.249250130401408,0.0910359997151228,396.882553503086,1.01579605233163
"sigma_e",1.35139622101,0.00241899584118394,0.126402175146856,1.13368098312787,1.26279519569173,1.34111983228542,1.42889839675593,1.63189187541746,2730.47906704031,1.00320953217155
