"","mean","se_mean","sd","2.5%","25%","50%","75%","97.5%","n_eff","Rhat"
"log_a",2.23006229226858,0.00305953596312465,0.149403442145749,1.94162111597796,2.12886517388716,2.22949831637499,2.32896413301507,2.52868717225232,2384.57003348112,1.00315804678063
"b",0.0326388557744422,0.000490646705920405,0.0208870141698587,0.000150025139250492,0.0160754431372082,0.0325877056046479,0.047372651190185,0.0742645557180403,1812.23681138324,1.00707256266998
"log_b",-3.95127494447852,0.0475395540089057,1.59113444264488,-8.80470773844831,-4.13046245999927,-3.42382023847844,-3.04971019640844,-2.60012148831844,1120.22058129777,1.01259679400086
"sigma_e",0.975785907919175,0.00148462569324268,0.0899181139459494,0.818888707415006,0.913861977726191,0.96832112039983,1.03127572482302,1.16963259350156,3668.26272900418,1.00228196608356
