"","mean","se_mean","sd","2.5%","25%","50%","75%","97.5%","n_eff","Rhat"
"log_a",2.80538139054031,0.0057743480804122,0.241353959318524,2.33596295211585,2.64077196444813,2.80862127632884,2.97034042487725,3.27209250519818,1747.04035008983,1.00392617387607
"b",7.35482655158248,0.144596459729912,4.68987356250243,0.00195349965083677,3.69769696193689,7.64910394076952,10.7825523428401,16.1674953082328,1051.97870614505,1.00717219022295
"log_b",1.20055051509764,0.0930711259174317,2.3217152991565,-6.23813385524308,1.30771017609765,2.03458849750793,2.37792930386981,2.78300276395911,622.283077544282,1.01039548721407
"sigma_e",1.35147031972909,0.00248439097651735,0.134838160779267,1.12196064140118,1.25536128312178,1.34123444030487,1.43387913822199,1.63782154771938,2945.68127241007,1.00309584250025
