"","mean","se_mean","sd","2.5%","25%","50%","75%","97.5%","n_eff","Rhat"
"log_a",0.203603314304917,0.0090345152339323,0.415685263955125,-0.518968283656142,-0.0842362444301871,0.163086030691935,0.466410531452558,1.1031164307255,2116.99361916126,1.0039137591163
"b",0.190139162002093,0.00524402540400619,0.214662136504192,2.37351206098037e-05,0.0100342524718609,0.105306960793948,0.318192851641797,0.71690645198567,1675.64232334632,1.0050789164451
"log_b",-3.2444052030063,0.0793685006953316,2.83328453255404,-10.6485549832914,-4.60175079440559,-2.25087644910714,-1.14509763031109,-0.332809925372006,1274.33622476488,1.00540285667676
"sigma_e",1.40559935734975,0.00370240550242447,0.217547224221383,1.0551599192743,1.25273148346788,1.37707757217114,1.52795516900051,1.90749088842479,3452.54324616387,1.00137309916618
