"","mean","se_mean","sd","2.5%","25%","50%","75%","97.5%","n_eff","Rhat"
"log_a",0.149557382687963,0.00785363670631074,0.349555317504658,-0.444802487156915,-0.0924279455647596,0.110458222981876,0.353246745222111,0.936279762018715,1981.02616013869,1.00431353072291
"b",0.87204230984549,0.0269303934144247,1.11583515461688,3.89111912800223e-05,0.0211950678059303,0.335377824809611,1.41927364252383,3.82388120079553,1716.78015280765,1.0062459353376
"log_b",-2.14259424833464,0.0851686656220737,3.22181358720585,-10.154234089165,-3.85398761319924,-1.09249754868161,0.350145221195443,1.34126592303196,1431.00493480496,1.00704868255097
"sigma_e",1.19552117652984,0.00286747811448151,0.178202302736562,0.910334973557781,1.06601501181815,1.1738312891919,1.29749644390039,1.61423664172461,3862.12565556765,1.00061913515388
