"","mean","se_mean","sd","2.5%","25%","50%","75%","97.5%","n_eff","Rhat"
"log_a",1.90463334258409,0.00375223370746619,0.194532850575326,1.51312022038481,1.77772164529836,1.90955042765873,2.03459202778073,2.28068538243849,2687.85688157539,1.00206762172989
"b",0.442644765455612,0.00183767435496388,0.0959248964124491,0.248982124180421,0.381663716512421,0.444753622994665,0.505029915237463,0.627129829053799,2724.74314294934,1.0020009575166
"log_b",-0.843222167997128,0.00597977794942587,0.260478384201018,-1.39037417608331,-0.963215381364526,-0.810234806331886,-0.683137613400726,-0.466601696438489,1897.46277115136,1.00278948990801
"sigma_e",0.552794897731238,0.00111549576031549,0.0656291536895288,0.444118496665455,0.506903114410561,0.545968439001937,0.590096065866963,0.704220841702036,3461.44758626986,1.00167505768889
