"","mean","se_mean","sd","2.5%","25%","50%","75%","97.5%","n_eff","Rhat"
"log_a",1.05873871215752,0.00807134776440748,0.350144403677824,0.540174008551795,0.794322045827862,0.988353002231116,1.28530894884304,1.84131983593054,1881.92477307515,1.00313075982549
"b",0.463592547332774,0.0115510941630197,0.48236926092709,0.000118510994936708,0.0330161758973847,0.306186160226063,0.786818141824644,1.59619750721873,1743.86555955496,1.00404451328008
"log_b",-2.18487477220861,0.0755490235914024,2.65393833221416,-9.04050851563674,-3.41075770214184,-1.18356199673179,-0.239758135017369,0.467624242660964,1234.024956594,1.00568554470602
"sigma_e",0.881535214385166,0.00204213150298664,0.10887998253963,0.700845896108743,0.805711720611869,0.870076753599424,0.946631569830953,1.12958483237486,2842.68458877059,1.00200482995241
