"","mean","se_mean","sd","2.5%","25%","50%","75%","97.5%","n_eff","Rhat"
"log_a",1.4342662760318,0.00504972362124779,0.196381369916385,1.07445765289976,1.29290461955735,1.4360064421224,1.57373257024124,1.81853106750096,1512.39541510376,1.00953304024105
"b",0.0637185617034741,0.000926345918503401,0.0355661337962701,0.00047706823550242,0.0380233706337586,0.0641746118772336,0.0891249293145547,0.132768740522832,1474.09994898733,1.0093048767988
"log_b",-3.15259131708981,0.0468894102849643,1.40532591246567,-7.64785311015726,-3.26955433538153,-2.74614760115225,-2.41771619338577,-2.01914646910027,898.265183390523,1.01433862891415
"sigma_e",0.407816618125062,0.000821733969280149,0.0430668727268836,0.333555438048779,0.377512157514995,0.40400039677284,0.434558015769596,0.502312161496459,2746.78200098785,1.00251444281402
