"","mean","se_mean","sd","2.5%","25%","50%","75%","97.5%","n_eff","Rhat"
"log_a",1.60228205388119,0.0070529162349454,0.265223538109525,1.05784785657235,1.43234962912899,1.60998621157733,1.78588492663594,2.09332881907708,1414.1213421656,1.00358495272276
"b",1.10200929696539,0.012097301901821,0.402899927552285,0.156497472183862,0.861206539393708,1.12177504088825,1.37198662673226,1.84833251842009,1109.21910301367,1.00588109069512
"log_b",-0.0641919799189992,0.0443304429567054,0.941778945616149,-1.85471697061763,-0.149420920683032,0.114912287119952,0.316259781493742,0.614283890980751,451.329595155386,1.02081611249564
"sigma_e",1.06961924971993,0.00216500121700623,0.11546861763772,0.872461139582697,0.987474645499726,1.06085588713907,1.14103058242527,1.32276527733545,2844.53736901524,1.00238334925943
