"","mean","se_mean","sd","2.5%","25%","50%","75%","97.5%","n_eff","Rhat"
"log_a",1.689860749451,0.00465754577283945,0.244359386624213,1.20098769658142,1.52946899809062,1.68871940366767,1.85320070251069,2.1735813090887,2752.6043334685,1.00444821638514
"b",2.80905671022497,0.0142081306492105,0.733118629737213,1.34471336420985,2.33354828670768,2.81558014212579,3.28955037135545,4.23344233770587,2662.40811069671,1.00449536259022
"log_b",0.993338023393101,0.00623588234195789,0.297697452952743,0.296180876882604,0.847389977192622,1.03516832916027,1.19075089015599,1.44301545033672,2279.05293787946,1.00585476681638
"sigma_e",0.770758053092973,0.00156249404212007,0.0984032945763695,0.60518533162282,0.701801251148998,0.761076059938614,0.829524620429535,0.987722463411181,3966.27240095295,1.0008698894849
