"","mean","se_mean","sd","2.5%","25%","50%","75%","97.5%","n_eff","Rhat"
"log_a",1.73742560877109,0.00387450733943509,0.164562296534684,1.38671160487087,1.6328078398202,1.7437212981525,1.84908220484575,2.05382979221716,1803.96332155581,1.00469418205894
"b",0.0432095765911758,0.000433795873049381,0.0169107047692873,0.00397418753664667,0.0329916595876065,0.0439703616724798,0.0545938630373252,0.0747545105334769,1519.68152316538,1.00507098144382
"log_b",-3.32355612837611,0.0401100768401819,0.961488137177043,-5.52793494583795,-3.41150049452955,-3.12423947038652,-2.9078338011974,-2.59354574731473,574.62017839212,1.0143906747359
"sigma_e",0.485910152101607,0.000975495199586181,0.0548833176989448,0.394078266366639,0.447687267482613,0.480656722972898,0.519181251332429,0.606410140217286,3165.41342605747,1.00238492944408
