"","mean","se_mean","sd","2.5%","25%","50%","75%","97.5%","n_eff","Rhat"
"log_a",1.62161568855924,0.00382732071427836,0.223039798617266,1.17223353142015,1.47569489960975,1.62058382303982,1.77013525443952,2.0575364061512,3396.05735873859,1.00119913515316
"b",0.512170947018266,0.00204574838374064,0.116686966752944,0.278051998268991,0.433924981105676,0.513032974677493,0.591859791405053,0.738131700753299,3253.42101627968,1.0011775129776
"log_b",-0.698081419904498,0.00455046574718783,0.250392206981687,-1.2799471742452,-0.834883614519271,-0.667415159939188,-0.524485511381657,-0.303633014030599,3027.8190487467,1.00152653699069
"sigma_e",0.847550766763031,0.00153613235326229,0.0938919625255378,0.690313769423632,0.780553763300493,0.839573494315667,0.904962235185757,1.05243353609488,3735.93714806265,1.00306291621079
