"","mean","se_mean","sd","2.5%","25%","50%","75%","97.5%","n_eff","Rhat"
"log_a",0.716303629787629,0.00335685732928956,0.160824071265319,0.452842418471219,0.604879818862659,0.695007208319145,0.806492181129499,1.08944624254808,2295.2835123878,1.00482420744615
"b",0.0417932038144644,0.00109938048387672,0.0490990145911629,1.10490134089187e-05,0.00265778529130615,0.0215183030878465,0.0685395313913622,0.166670754944991,1994.57102471558,1.00543874702908
"log_b",-4.65334250576206,0.0707450151478229,2.60299734543329,-11.4131695728178,-5.93026268560928,-3.83885140018778,-2.68034464782201,-1.79173494661163,1353.8039053931,1.00825232761894
"sigma_e",0.650410774843793,0.00113566635440397,0.0697209303234008,0.531426946999119,0.600601102864594,0.645051075712097,0.694130307232996,0.800493883278266,3768.98863714165,1.00085128957286
