"","mean","se_mean","sd","2.5%","25%","50%","75%","97.5%","n_eff","Rhat"
"log_a",0.690757043437913,0.00388905184324027,0.179856164846997,0.401981415999001,0.563102001784115,0.665707743955711,0.800453791898716,1.08535192910006,2138.76560798247,1.00174034923441
"b",0.254685400316963,0.00657331049134583,0.287337074125348,2.78521279722231e-05,0.014130369070331,0.144119623323888,0.422070751377144,0.966567164025461,1910.7991386028,1.00223044155385
"log_b",-2.9547896942174,0.0740652218309005,2.84320758932108,-10.488601391993,-4.25942896598662,-1.93711161719267,-0.862582384672845,-0.0340044917780574,1473.63009953411,1.00382764062128
"sigma_e",0.675045557309785,0.00124928650555909,0.074785155638846,0.547424367320622,0.622888165375561,0.668390855918927,0.721068164777844,0.842108313958214,3583.49420008867,1.00116540362195
