"","mean","se_mean","sd","2.5%","25%","50%","75%","97.5%","n_eff","Rhat"
"log_a",1.96807946623928,0.00723900117253879,0.373012327553608,1.20233252517383,1.72453896148713,1.96801041193108,2.2182837600287,2.70792456865399,2655.15008987889,1.00382967466776
"b",0.597109682553762,0.00257178379458959,0.131881276687366,0.324240684998471,0.511382091997932,0.597639760579549,0.685522347202749,0.850391795840355,2629.6465233778,1.00380137557236
"log_b",-0.542945209760805,0.00502870548722209,0.243149104717221,-1.12626918406744,-0.670638234387675,-0.51476711361597,-0.377574181237583,-0.162058099434259,2337.93776899375,1.0040377404508
"sigma_e",0.721574165354515,0.00167748395357126,0.0978517579023014,0.558784361732444,0.651674345053288,0.710905771535265,0.780022378389855,0.935961056997898,3402.67535274192,1.0024318537968
