"","mean","se_mean","sd","2.5%","25%","50%","75%","97.5%","n_eff","Rhat"
"log_a",1.75248806261369,0.00519900820218218,0.261842132247674,1.22191226265793,1.58193834869136,1.75321958247556,1.92658199764886,2.25965684172983,2536.51860749167,1.00100063735452
"b",0.268710864715769,0.00113673598178192,0.0587574245039373,0.14909780245917,0.231385321562354,0.2691263334018,0.307643787477728,0.382488483216103,2671.81441166965,1.00096832869761
"log_b",-1.34168387923078,0.00523808712750964,0.248345386676198,-1.9031528045383,-1.46367090167901,-1.31257436883994,-1.17881270009897,-0.961056736872298,2247.84705260798,1.00167791616926
"sigma_e",0.60789654900569,0.00138242639214139,0.0823968073007929,0.473368836870316,0.549018386060975,0.599056146903441,0.656977234763147,0.788357161333615,3552.52166610042,1.0023576781447
