"","mean","se_mean","sd","2.5%","25%","50%","75%","97.5%","n_eff","Rhat"
"log_a",1.96136785915663,0.00479436719524293,0.215523891326996,1.50166006218355,1.82514344204416,1.96586340941557,2.10507394333031,2.36461131618707,2020.82289335151,1.00206729225314
"b",0.222665153172879,0.00163062604131067,0.0731096654595839,0.0664926355696669,0.176655742757329,0.224227596323511,0.27097041231261,0.360432151404419,2010.20729963012,1.00168222562382
"log_b",-1.59530237108878,0.0187697501218882,0.609371745742017,-2.71066410449646,-1.73355239837393,-1.49509368822927,-1.30574564491548,-1.02045154732525,1054.01707280728,1.00439126604653
"sigma_e",0.360395651942321,0.000764853984417134,0.0408532100643541,0.291539079415179,0.331447271645659,0.356976660712902,0.385115353184875,0.450194443102767,2852.95753498121,1.00326023352969
