"","mean","se_mean","sd","2.5%","25%","50%","75%","97.5%","n_eff","Rhat"
"log_a",1.77652371696255,0.00614240817431756,0.285861217465832,1.1925366552304,1.59540355833605,1.78414314702085,1.96501387601225,2.32244532867006,2165.87372408053,1.00349866883784
"b",0.468898942646333,0.00257573401739802,0.118977658784701,0.227404232099546,0.39454693211195,0.472236093321463,0.547110117743495,0.698708173720782,2133.67765997972,1.00363872960101
"log_b",-0.798197745492153,0.00876591540344232,0.323924287187396,-1.48102609116775,-0.930017180292129,-0.750276220742165,-0.60310518560821,-0.358522116707388,1365.50241717902,1.00560746046567
"sigma_e",0.512143991685762,0.0012092000607811,0.0690176178834605,0.398866417785618,0.464171692987637,0.504651287364442,0.55202311864582,0.668551495281874,3257.79393723709,1.00381198217863
