"","mean","se_mean","sd","2.5%","25%","50%","75%","97.5%","n_eff","Rhat"
"log_a",2.28781988310127,0.0118375288114068,0.480838537764363,1.24411611256556,1.98996691335655,2.31209726494479,2.61363947458549,3.1718647904187,1649.97148020316,1.0086210125696
"b",0.72587662690901,0.0072591815434227,0.298316106722618,0.0553665049952178,0.539155652422626,0.74174430308155,0.930916431253385,1.27056928141693,1688.79949142609,1.00810472653093
"log_b",-0.537362427860897,0.0488637826324311,1.19528631162399,-2.89378115807256,-0.617750970176548,-0.298750700421672,-0.0715857689176678,0.239465053118464,598.369880950271,1.0184530420827
"sigma_e",0.678810502527317,0.00184118075504346,0.0949842380086479,0.520802128798338,0.611060432171146,0.66864178015744,0.735019304854303,0.889933402999457,2661.40049009234,1.00292488326451
