"","mean","se_mean","sd","2.5%","25%","50%","75%","97.5%","n_eff","Rhat"
"log_a",1.20886331072741,0.00399316081433599,0.201845612029433,0.856886459943067,1.07021629068934,1.19078791465164,1.32833110172016,1.6566599176264,2555.08306767492,0.999863454498765
"b",0.0131798731465332,0.000322432227225291,0.0150588612675989,6.35917974959071e-06,0.00110299539734168,0.00707009515290467,0.021318322957304,0.0520665451116216,2181.25971297729,1.00008665804949
"log_b",-5.66426424771821,0.0638085837263478,2.43336052665489,-11.9656113965334,-6.80972572249124,-4.95188135674274,-3.84818843759265,-2.95523268887799,1454.30235359886,1.00416382959199
"sigma_e",1.00668093469916,0.00166374811064613,0.103433652629529,0.833529794340643,0.934879885330556,0.997241626568564,1.06746737381215,1.23777721543949,3864.99176075303,1.002664189184
