"","mean","se_mean","sd","2.5%","25%","50%","75%","97.5%","n_eff","Rhat"
"log_a",1.6057868028051,0.00280886299735778,0.147809858065681,1.36174956925471,1.50906757892039,1.5882956182054,1.68344055559949,1.96723904843512,2769.14492883596,1.00275217459747
"b",0.00601463719944763,0.000188935553976364,0.00885530765159672,3.0451000837732e-06,0.000313713817106507,0.00210219329012744,0.00785868673630927,0.0319974996681165,2196.74641064302,1.00373214120969
"log_b",-6.68944518574348,0.0535888930945462,2.46479269763706,-12.7019784444937,-8.06703016384638,-6.1647740588208,-4.84613576839527,-3.44209755660109,2115.49120512261,1.00351964452402
"sigma_e",0.734557831178984,0.00118624881893702,0.0761052800335284,0.603966627841245,0.680706265680834,0.727981215813635,0.782525139207562,0.903406832760656,4116.02487307829,1.00137054951757
