"","mean","se_mean","sd","2.5%","25%","50%","75%","97.5%","n_eff","Rhat"
"log_a",1.39653646955681,0.00471965538954658,0.201085756915397,1.02132296833134,1.25512992781318,1.39703009311644,1.53270733528852,1.7909571274205,1815.27339152289,1.00630669443291
"b",0.0242980147102626,0.000300412257242794,0.0131353692885718,0.000453485854385198,0.0149702875430293,0.024346498727147,0.0334281373340849,0.0503077574448639,1911.83002173372,1.00577788167369
"log_b",-4.05275487889317,0.0352457970631754,1.23476563406113,-7.69856341089586,-4.20168788001018,-3.71536723514429,-3.39835729918977,-2.98959599085034,1227.31034461546,1.00836918496167
"sigma_e",0.541731549879856,0.000951397618536231,0.0553965355203524,0.445084116720744,0.503089330364394,0.537698485806124,0.575241706523568,0.662881050561137,3390.32310937545,1.00218136876649
