"","mean","se_mean","sd","2.5%","25%","50%","75%","97.5%","n_eff","Rhat"
"log_a",0.816535078028703,0.00297152585492001,0.156129401712435,0.534090236308841,0.707280744551008,0.808342009296778,0.916511473594607,1.14392983435017,2760.64373716939,1.00536754809489
"b",0.00236117311672376,4.29344076016831e-05,0.00210192079721859,4.48515687365588e-06,0.000497102553642554,0.00190214616845684,0.00371465097174267,0.00721590812572353,2396.7445284957,1.00376152436247
"log_b",-6.91609488710555,0.0503648203211889,1.96769062153781,-12.3147426776037,-7.60671428221341,-6.26477247723488,-5.5954705605764,-4.931467279329,1526.36730043286,1.00433407595456
"sigma_e",0.820014172316624,0.00140460620016217,0.0854738239585298,0.675782250903897,0.760674695005076,0.812902650668423,0.869496196768751,1.01269675425627,3703.02893656431,1.00093306821606
