"","mean","se_mean","sd","2.5%","25%","50%","75%","97.5%","n_eff","Rhat"
"log_a",1.45587902193256,0.00355840677354711,0.161630143765324,1.1256133162336,1.35020297722395,1.4601922988238,1.56301236209208,1.76985326104852,2063.16296770788,1.006580998558
"b",0.066652801532994,0.000525755549782886,0.0220440491595594,0.0192630723807443,0.0529838812332385,0.0675792824152892,0.08109752224908,0.108237929249957,1757.98437314124,1.00586043334063
"log_b",-2.81712006514185,0.0387507686397738,0.709471019995089,-3.94956568548539,-2.93776753945216,-2.6944538181551,-2.5121028702827,-2.22342342859757,335.203602964353,1.02597959464664
"sigma_e",0.700481609187381,0.001268346114836,0.0733372066228953,0.575154827868651,0.649257110859708,0.694452894921955,0.744329479884747,0.864643346754695,3343.28316856722,1.00126656682925
