"","mean","se_mean","sd","2.5%","25%","50%","75%","97.5%","n_eff","Rhat"
"log_a",1.35326886647882,0.00478621776040952,0.190867538433918,1.02903736865867,1.20587175101564,1.34214053636185,1.48623806160584,1.75088387461972,1590.30065253062,1.0075783124226
"b",0.0188739935802377,0.000347609268758134,0.0135770098212877,3.92188805094005e-05,0.00708224223046537,0.0181751046797703,0.0283242435111451,0.0472456374602368,1525.5469154935,1.00813812389478
"log_b",-4.63779331672182,0.0556057077408882,1.81678557726962,-10.1463523419914,-4.95016472575424,-4.00770249813532,-3.56403718428261,-3.05239495831578,1067.50176452683,1.01159812035265
"sigma_e",0.558397406679543,0.000942026464190744,0.0554691790755961,0.46213711606396,0.519298306903692,0.553851570382854,0.592923104538061,0.679848872548795,3467.18703488638,1.0012382315213
