"","mean","se_mean","sd","2.5%","25%","50%","75%","97.5%","n_eff","Rhat"
"log_a",1.39687573939003,0.00304807490513285,0.171836415891997,1.04914738005648,1.28330225470874,1.39816050678151,1.51419702397574,1.7263644844168,3178.18475915103,1.0023727375237
"b",0.165190667169295,0.000650114220134309,0.0364086074170355,0.0929426987483091,0.141285816428719,0.165400359223772,0.190111329473854,0.234481615950337,3136.38093236236,1.00230153585612
"log_b",-1.82795369273612,0.00449949945224452,0.244121190347934,-2.37577215399712,-1.95697037349693,-1.79938632469329,-1.66014543425553,-1.45037809332383,2943.62546496038,1.00236138403629
"sigma_e",0.768182703869898,0.0013126136326171,0.0784679617237681,0.634297931100064,0.712718024413393,0.761897051196262,0.816868503783746,0.943988221283615,3573.64100076114,1.00372649508245
