"","mean","se_mean","sd","2.5%","25%","50%","75%","97.5%","n_eff","Rhat"
"log_a",1.6648950909987,0.00319184052220465,0.166532161902362,1.33615223729069,1.55223507451858,1.66396550212704,1.77617916858002,1.99802911052287,2722.16140368227,1.0034422521002
"b",0.304753303019799,0.00154037215013729,0.080770830999647,0.142491780271905,0.250457702389231,0.305117073934098,0.358346903695966,0.460941169181633,2749.52571746769,1.00229552432407
"log_b",-1.22989015742888,0.00692747482978131,0.313640050548331,-1.94847110448618,-1.38446522670741,-1.18705972760439,-1.02625375808473,-0.77448497024496,2049.80768659729,1.00300569150371
"sigma_e",0.504199344146267,0.000805098060295926,0.049494175355384,0.41614144831215,0.470333397256856,0.499722062456216,0.534627770339294,0.613114213405218,3779.29353644372,1.00116994298242
