"","mean","se_mean","sd","2.5%","25%","50%","75%","97.5%","n_eff","Rhat"
"log_a",1.12481305691916,0.00435560834064009,0.210299197754801,0.688437218862351,0.989721592076629,1.12842454735798,1.26312415933664,1.52659517641993,2331.18956465864,1.00622104641576
"b",1.86234980665688,0.00876322551918708,0.423651036065967,0.997064822653307,1.59210501592496,1.8708414744439,2.14237876196854,2.66249731380688,2337.16066872982,1.00671414778437
"log_b",0.591073399581491,0.00639498342797594,0.266299974062928,-0.00293953898532985,0.465057045889753,0.626388313596667,0.761916782659898,0.979264521112637,1734.05712974741,1.00951794700011
"sigma_e",0.548408004888544,0.00137281410967004,0.0766609024101677,0.423782968123966,0.494352217084839,0.540470333469512,0.592127427920444,0.722824223407326,3118.34660955547,1.00143805846307
